RYM Album, First Name,Last Name,First Name localized, Last Name localized,Title,Release_Date,Rating,Ownership,Purchase Date,Media Type,Review
"14423472","","파란노을","","Parannoul","White Ceiling / Black Dots Wandering Around","2022","8","n","","",  ""
"10029448","","이달의 소녀","","LOONA","X X","2019","8","n","","",  ""
"14254132","","야야 킴","","YAYA Kim","a.k.a YAYA","2022","6","n","","",  ""
"13087464","","4s4ki","","","Castle in Madness","2021","7","n","","",  ""
"14049134","","4s4ki","","","Here or Heaven","2021","7","n","","",  ""
"14335852","","4s4ki","","","Here or Hell","2022","5","n","","",  ""
"14808580","","4s4ki","","","Killer in Neverland","2022","7","n","","",  ""
"5669923","Kevin","Abstract","","","MTV1987","2014","7","n","","",  ""
"14858585","","Ado","","","ウタの歌 One Piece Film Red (Uta's Songs One Piece Red)","2022","5","n","","",  ""
"7352850","","AKLO","","","Outside the Frame","2016","3","n","","",  ""
"5707413","","AKLO","","","The Arrival","2014","4","n","","",  ""
"13275139","","Anarchy","","","Noise Cancel","2021","7","n","","",  ""
"13895129","","Asian Glow","","","lines between the doorframe","2021","5","n","","",  ""
"13310618","","Bent Knee","","","Frosting","2021","6","n","","",  ""
"11339730","The","Beths","","","Jump Rope Gazers","2020","7","n","","",  ""
"5640687","","Bleachers","","","Strange Desire","2014","6","n","","",  ""
"13584733","","Blu","","","The Color Blu(e)","2021","7","n","","",  ""
"379028","The","Blue Hearts","","","The Blue Hearts","1987","9","n","","",  ""
"379030","The","Blue Hearts","","","Train - Train","1988","8","n","","",  ""
"6260877","","BRADIO","","","Diamond Pops","2013","6","n","","",  ""
"6634133","","BRADIO","","","Power of Life","2015","6","n","","",  ""
"4312805","Danny","Brown","","","Old","2013","6","n","","",  ""
"10379230","","Bump of Chicken","","","Aurora Arc","2019","6","n","","",  ""
"12937562","Cali","Cartier","","","Chains","2021","7","n","","",  ""
"11663003","Cali","Cartier","","","Pop","2019","7","n","","",  ""
"13045268","Cali","Cartier","","","Smile Season Soon","2021","6","n","","",  ""
"12052845","Sophie","Cates","","","All My Boyfriends","2020","8","n","","",  ""
"10712033","Sophie","Cates","","","Yikes!","2019","7","n","","",  ""
"11332993","","Charli XCX","","","How I'm Feeling Now","2020","9","n","","",  ""
"15862","","Coldplay","","","A Rush of Blood to the Head","2002","8","n","","",  ""
"10884242","a","crowd of rebellion","","",":12_White","2019","7","n","","",  ""
"10395187","a","crowd of rebellion","","","Black_24:","2019","6","n","","",  ""
"8812136","a","crowd of rebellion","","","Gingerol","2017","6","n","","",  ""
"9430333","a","crowd of rebellion","","","I11","2018","7","n","","",  ""
"7958898","a","crowd of rebellion","","","Xanthium","2016","8","n","","",  ""
"12271030","a","crowd of rebellion","","","Zealot City","2020","8","n","","",  ""
"14809078","","Cryalot","","","Icarus","2022","7","n","","",  ""
"11866817","Denzel","Curry","","","Melt My Eyez See Your Future","2022","8","n","","",  ""
"14362994","","Daine","","","Quantum Jumping","2022","8","n","","",  ""
"13309462","","Daoko","","","The Light of Other Days","2021","8","n","","",  ""
"13244611","Indigo","De Souza","","","Any Shape You Take","2021","8","n","","",  ""
"9550948","","DJ Okawari","","","Perfect Blue","2018","7","n","","",  ""
"8922106","","Drake","","","Scary Hours","2018","6","n","","",  ""
"4700692","","Dresses","","","Sun Shy EP","2013","7","n","","",  ""
"1667","","Eminem","","","The Marshall Mathers LP","2000","7","n","","",  ""
"8072567","","Future","","","FUTURE","2017","4","n","","",  ""
"2602","","Godspeed You! Black Emperor","","","Lift Yr. Skinny Fists Like Antennas to Heaven!","2000","9","n","","",  ""
"8220646","Hisato","Higuchi","","","Kietsuzukeru Echo / 消え続けるエコー","2017","7","n","","",  ""
"14892477","","Himera","","","Sharing Secrets","2022","8","n","","",  ""
"9564284","","Homecomings","","","Whale Living","2018","7","n","","",  ""
"11884176","The","Japanese House","","","Chewing Cotton Wool","2020","7","n","","",  ""
"14886217","","Joji","","","SMITHEREENS","2022","7","n","","",  ""
"4533226","Vance","Joy","","","God Loves You When You're Dancing","2013","6","n","","",  ""
"4414810","","July Talk","","","July Talk","2013","7","n","","",  ""
"12428555","Ana","Kennedy","","","Montana","2021","7","n","","",  ""
"7336774","","KOHH","","","Dirt Ⅱ","2016","5","n","","",  ""
"5711475","","KOHH","","","Monochrome","2014","6","n","","",  ""
"14929937","","KOHH","","","The Lost Tapes","2022","4","n","","",  ""
"11425768","","KOHH","","","Worst","2020","4","n","","",  ""
"11196548","","Lady Gaga","","","Chromatica","2020","5","n","","",  ""
"11967755","Adrianne","Lenker","","","Songs","2020","10","n","","",  ""
"13605578","","leroy","","","Dariacore 2: Enter Here, Hell to the Left","2021","7","n","","",  ""
"14760985","","leroy","","","Dariacore 3... At Least I Think That's What It's Called?","2022","9","n","","",  ""
"12871808","","Lil Nas X","","","Montero","2021","5","n","","",  ""
"9809482","","Lil Uzi Vert","","","Eternal Atake","2020","4","n","","",  ""
"13876671","Caroline","Loveglow","","","Strawberry","2022","8","n","","",  ""
"10797162","","Lucie,Too","","","Chime","2019","7","n","","",  ""
"11086177","","Lucie,Too","","","Lucky","2019","8","n","","",  ""
"8149014","","Lupe Fiasco","","","Drogas Wave","2018","8","n","","",  ""
"11329179","Laura","Marling","","","Song for Our Daughter","2020","8","n","","",  ""
"185833","","MF DOOM","","","MM..FOOD","2004","8","n","","",  ""
"2634","","Modest Mouse","","","The Moon &amp; Antarctica","2000","6","n","","",  ""
"14642016","Chloe","Moriondo","","","Puppy Luv","2022","4","n","","",  ""
"4339246","","MOROHA","","","MOROHA","2010","8","n","","",  ""
"6016891","","MOROHA","","","MOROHA II","2013","8","n","","",  ""
"7738756","","MOROHA","","","MOROHA III","2016","8","n","","",  ""
"6266451","The","Mowgli's","","","Kids in Love","2015","5","n","","",  ""
"4613355","The","Mowgli's","","","Waiting for the Dawn","2013","5","n","","",  ""
"5350287","","Mr. Little Jeans","","","Pocketknife","2014","7","n","","",  ""
"11053073","","이달의 소녀 [LOONA]","","","#","2020","5","n","","",  ""
"9481809","","이달의 소녀 [LOONA]","","","+ +","2018","7","n","","",  ""
"12636078","","Freddie Gibbs","","","$oul $old $eparately","2022","7","n","","",  ""
"10326582","","100 gecs","","","1000 gecs","2019","9","n","","",  ""
"10766036","","100 gecs","","","1000 gecs and the Tree of Clues","2020","8","n","","",  ""
"12024977","","이달의 소녀 [LOONA]","","","12:00","2020","4","n","","",  ""
"8383531","","Denzel Curry","","","13","2017","7","n","","",  ""
"5758447","","Taylor Swift","","","1989","2014","6","n","","",  ""
"14745917","","Joey Bada$$","","","2000","2022","7","n","","",  ""
"7610357","","Bon Iver","","","22, a Million","2016","9","n","","",  ""
"7817885","","Childish Gambino","","","&#34;Awaken, My Love!&#34;","2016","6","n","","",  ""
"11309829","","FROMTHEHEART","","","&#34;Things Happen, It's OK!&#34;","2020","8","n","","",  ""
"8637591","","Big K.R.I.T.","","","4eva Is a Mighty Long Time","2017","8","n","","",  ""
"1637","","Billy Joel","","","52nd Street","1978","8","n","","",  ""
"11832077","","A. G. Cook","","","7G","2020","6","n","","",  ""
"1795900","","Kanye West","","","808s &amp; Heartbreak","2008","7","n","","",  ""
"12229222","","Cali Cartier","","","Aaron Cartier Best Dog","2020","6","n","","",  ""
"9295100","","The 1975","","","A Brief Inquiry Into Online Relationships","2018","8","n","","",  ""
"8021508","","Mount Eerie","","","A Crow Looked at Me","2017","9","n","","",  ""
"6159075","","Madeon","","","Adventure","2015","6","n","","",  ""
"8220981","","Paramore","","","After Laughter","2017","7","n","","",  ""
"14866650","","Ari Lennox","","","age/sex/location","2022","6","n","","",  ""
"6035358","","Coldplay","","","A Head Full of Dreams","2015","2","n","","",  ""
"11560268","","Freddie Gibbs &amp; The Alchemist","","","Alfredo","2020","8","n","","",  ""
"14621252","","The Smile","","","A Light for Attracting Attention","2022","5","n","","",  ""
"3888497","","Passenger","","","All the Little Lights","2012","6","n","","",  ""
"9653927","","Trippie Redd","","","A Love Letter to You 3","2018","7","n","","",  ""
"7798800","","Kevin Abstract","","","American Boyfriend: A Suburban Love Story","2016","8","n","","",  ""
"11747610","","Ana Kennedy","","","Ana Kennedy","2020","9","n","","",  ""
"12736749","","Silk Sonic","","","An Evening With Silk Sonic","2021","8","n","","",  ""
"13801985","","Black Country, New Road","","","Ants From Up There","2022","10","n","","",  ""
"11912469","","A. G. Cook","","","Apple","2020","7","n","","",  ""
"14424580","","Jensen McRae","","","Are You Happy Now?","2022","6","n","","",  ""
"10220552","","Kevin Abstract","","","Arizona Baby","2019","6","n","","",  ""
"12189773","","Daine","","","Ascension","2020","8","n","","",  ""
"1705896","","Uyama Hiroto","","","A Son of the Sun","2008","6","n","","",  ""
"8148783","","Travis Scott","","","Astroworld","2018","6","n","","",  ""
"6335831","","A$AP Rocky","","","At.Long.Last.A$AP","2015","6","n","","",  ""
"7250274","","Mike Posner","","","At Night, Alone.","2016","5","n","","",  ""
"7548871","","Danny Brown","","","Atrocity Exhibition","2016","6","n","","",  ""
"14852435","","Mass of the Fermenting Dregs","","","Awakening:Sleeping","2022","5","n","","",  ""
"14068715","","宇多田ヒカル [Hikaru Utada]","","","BADモード (Bad Mode)","2022","8","n","","",  ""
"9558244","","Joji","","","Ballads 1","2018","6","n","","",  ""
"14521681","","beabadoobee","","","Beatopia","2022","7","n","","",  ""
"8353640","","Young Thug","","","Beautiful Thugger Girls","2017","8","n","","",  ""
"4901419","","Childish Gambino","","","Because the Internet","2013","5","n","","",  ""
"14810066","","The 1975","","","Being Funny in a Foreign Language","2022","8","n","","",  ""
"9252665","","Mitski","","","Be the Cowboy","2018","8","n","","",  ""
"14826348","","TWICE","","","Between 1&amp;2","2022","5","n","","",  ""
"8135740","","Vince Staples","","","Big Fish Theory","2017","7","n","","",  ""
"7529785","","Travis Scott","","","Birds in the Trap Sing McKnight","2016","6","n","","",  ""
"12241527","","jonatan leandoer96","","","Blodhundar &amp; Lullabies","2020","6","n","","",  ""
"7630705","","Frank Ocean","","","Blonde","2016","8","n","","",  ""
"12955638","","Chloe Moriondo","","","Blood Bunny","2021","7","n","","",  ""
"14818479","","Alvvays","","","Blue Rev","2022","8","n","","",  ""
"6443160","","Twenty Øne Piløts","","","Blurryface","2015","6","n","","",  ""
"3442658","","Bon Iver","","","Bon Iver, Bon Iver","2011","7","n","","",  ""
"8326921","","DOOM","","","Born Like This","2009","8","n","","",  ""
"3719638","","Lana Del Rey","","","Born to Die","2012","7","n","","",  ""
"9497802","","Boygenius","","","Boygenius","2018","5","n","","",  ""
"2696870","","高中正義 [Masayoshi Takanaka]","","","Brasilian Skies","1978","7","n","","",  ""
"11556171","","Ellie Goulding","","","Brightest Blue","2020","6","n","","",  ""
"5966738","","Mitski","","","Bury Me at Makeout Creek","2014","8","n","","",  ""
"13491134","","Injury Reserve","","","By the Time I Get to Phoenix","2021","9","n","","",  ""
"12891676","","Cake Pop","","","Cake Pop 2","2021","5","n","","",  ""
"13218994","","Tyler, the Creator","","","Call Me If You Get Lost","2021","8","n","","",  ""
"8475973","","Camila Cabello","","","Camila","2018","6","n","","",  ""
"3599143","","Childish Gambino","","","Camp","2011","5","n","","",  ""
"14132495","","FKA twigs","","","Caprisongs","2022","8","n","","",  ""
"13938153","","caroline","","","caroline","2022","6","n","","",  ""
"14693648","","Viagra Boys","","","Cave World","2022","5","n","","",  ""
"13238515","","Cayenne","","","Cayenne","2021","7","n","","",  ""
"11890154","","Drake","","","Certified Lover Boy","2021","2","n","","",  ""
"4040583","","Frank Ocean","","","channel ORANGE","2012","7","n","","",  ""
"10369114","","Charli XCX","","","Charli","2019","10","n","","",  ""
"12166155","","Danger Mouse &amp; Black Thought","","","Cheat Codes","2022","9","n","","",  ""
"454671","","Chet Baker","","","Chet Baker Sings","1954","8","n","","",  ""
"12722773","","Kero Kero Bonito","","","Civilisation II","2021","8","n","","",  ""
"12226040","","ericdoa","","","COA","2020","7","n","","",  ""
"10234335","","Weatherday","","","Come In","2019","7","n","","",  ""
"7885642","","DJ Okawari","","","Compass","2017","7","n","","",  ""
"12245949","","Phoebe Bridgers &amp; Rob Moose","","","Copycat Killer","2020","8","n","","",  ""
"7788513","","A$AP Mob","","","Cozy Tapes Vol.1: Friends-","2016","5","n","","",  ""
"8474605","","A$AP Mob","","","Cozy Tapes Vol. 2: Too Cozy","2017","5","n","","",  ""
"13901495","","Charli XCX","","","CRASH","2022","7","n","","",  ""
"14537578","","Bladee &amp; Ecco2k","","","Crest","2022","8","n","","",  ""
"8191615","","Kendrick Lamar","","","DAMN.","2017","7","n","","",  ""
"13099373","","leroy","","","Dariacore","2021","7","n","","",  ""
"14864079","","death's dynamic shroud","","","Darklife","2022","6","n","","",  ""
"13569959","","Lady Gaga","","","Dawn of Chromatica","2021","8","n","","",  ""
"9991539","","Juice WRLD","","","Death Race for Love","2019","3","n","","",  ""
"10146828","","Carly Rae Jepsen","","","Dedicated","2019","9","n","","",  ""
"11495884","","Carly Rae Jepsen","","","Dedicated Side B","2020","7","n","","",  ""
"14218017","","Soul Glo","","","Diaspora Problems","2022","8","n","","",  ""
"9243199","","Playboi Carti","","","Die Lit","2018","8","n","","",  ""
"1915761","","DJ Okawari","","","Diorama","2008","6","n","","",  ""
"6703514","","KOHH","","","Dirt","2015","5","n","","",  ""
"13397215","","Kanye West","","","Donda","2021","8","n","","",  ""
"398852","","J Dilla","","","Donuts","2006","9","n","","",  ""
"11708370","","Dos Monos","","","Dos Siki","2020","7","n","","",  ""
"13775982","","파란노을 [Parannoul] / Asian Glow / sonhos tomam conta","","","Downfall of the Neon Youth","2021","6","n","","",  ""
"13799017","","Big Thief","","","Dragon New Warm Mountain I Believe in You","2022","8","n","","",  ""
"5685290","","Vance Joy","","","Dream Your Life Away","2014","5","n","","",  ""
"14755163","","Lupe Fiasco","","","Drill Music in Zion","2022","8","n","","",  ""
"7579992","","Dua Lipa","","","Dua Lipa","2017","5","n","","",  ""
"13116480","","Luna Li","","","Duality","2022","7","n","","",  ""
"6380121","","Carly Rae Jepsen","","","E·MO·TION","2015","8","n","","",  ""
"8778911","","Frank Ocean","","","Endless","2018","7","n","","",  ""
"10488418","","Kid Cudi","","","Entergalactic","2022","6","n","","",  ""
"11233115","","Lil Uzi Vert","","","Eternal Atake (Deluxe): LUV vs. the World 2","2020","5","n","","",  ""
"13901128","","Spiritualized","","","Everything Was Beautiful","2022","7","n","","",  ""
"14789080","","The Beths","","","Expert in a Dying Field","2022","7","n","","",  ""
"11906227","","Busta Rhymes","","","Extinction Level Event 2: The Wrath of God","2020","5","n","","",  ""
"9761276","","One Ok Rock","","","Eye of the Storm","2019","3","n","","",  ""
"11210326","","milet","","","Eyes","2020","7","n","","",  ""
"12078298","","TWICE","","","Eyes Wide Open","2020","5","n","","",  ""
"14564752","","Lykke Li","","","Eyeye","2022","7","n","","",  ""
"10564109","","Godspeed You Black Emperor!","","","F♯A♯∞","2017","8","n","","",  ""
"13898025","","death's dynamic shroud.wmv","","","Faith in Persona","2021","8","n","","",  ""
"11765734","","beabadoobee","","","Fake It Flowers","2020","4","n","","",  ""
"13413649","","Camila Cabello","","","Familia","2022","4","n","","",  ""
"7714001","","Francis and the Lights","","","Farewell, Starlite!","2016","7","n","","",  ""
"9244791","","AUGUST 08","","","Father","2018","6","n","","",  ""
"12011285","","Fraxiom","","","Feeling Cool and Normal","2020","6","n","","",  ""
"10343815","","Dorian Electra","","","Flamboyant","2019","8","n","","",  ""
"8410429","","Tyler, the Creator","","","Flower Boy","2017","7","n","","",  ""
"9701792","","Vince Staples","","","FM!","2018","8","n","","",  ""
"11801269","","Taylor Swift","","","Folklore","2020","6","n","","",  ""
"1060497","","Bon Iver","","","For Emma, Forever Ago","2007","8","n","","",  ""
"12680483","","Black Dresses","","","Forever in Your Heart","2021","7","n","","",  ""
"14386220","","Black Dresses","","","Forget Your Own Face","2022","6","n","","",  ""
"13780974","","TWICE","","","Formula of Love: O+T=<3","2021","3","n","","",  ""
"12188858","","Black Country, New Road","","","For the First Time","2021","8","n","","",  ""
"1826886","","山下達郎 [Tatsuro Yamashita]","","","For You","1982","8","n","","",  ""
"14820724","","Björk","","","Fossora","2022","6","n","","",  ""
"5887052","","Uyama Hiroto","","","Freedom of the Son","2014","6","n","","",  ""
"7820428","","Uyama Hiroto","","","Freeform Jazz","2016","7","n","","",  ""
"8485542","","Daniel Caesar","","","Freudian","2017","6","n","","",  ""
"9238865","","The Beths","","","Future Me Hates Me","2018","6","n","","",  ""
"10891549","","Dua Lipa","","","Future Nostalgia","2020","7","n","","",  ""
"8043546","","Stormzy","","","Gang Signs &amp; Prayer","2017","5","n","","",  ""
"5297600","","Coldplay","","","Ghost Stories","2014","2","n","","",  ""
"10435034","","BROCKHAMPTON","","","Ginger","2019","6","n","","",  ""
"14771884","","aespa","","","Girls","2022","5","n","","",  ""
"42636","","The Postal Service","","","Give Up","2003","9","n","","",  ""
"14256033","","Hatchie","","","Giving the World Away","2022","8","n","","",  ""
"14286054","","Conway the Machine","","","God Don't Make Mistakes","2022","7","n","","",  ""
"14792994","","Alex G","","","God Save the Animals","2022","7","n","","",  ""
"10783210","","Madeon","","","Good Faith","2019","7","n","","",  ""
"3597082","","Kendrick Lamar","","","good kid, m.A.A.d city","2012","7","n","","",  ""
"12303333","","Bladee &amp; Mechatok","","","Good Luck","2020","5","n","","",  ""
"84856","","Modest Mouse","","","Good News for People Who Love Bad News","2004","8","n","","",  ""
"3979582","","Passion Pit","","","Gossamer","2012","5","n","","",  ""
"494216","","Kanye West","","","Graduation","2007","9","n","","",  ""
"9832068","","88rising","","","Head in the Clouds","2018","5","n","","",  ""
"14741829","","black midi","","","Hellfire","2022","7","n","","",  ""
"381036","","Clipse","","","Hell Hath No Fury","2006","6","n","","",  ""
"14968869","","Drake &amp; 21 Savage","","","Her Loss","2022","4","n","","",  ""
"13272216","","Low","","","HEY WHAT","2021","7","n","","",  ""
"8091199","","Future","","","HNDRXX","2017","4","n","","",  ""
"14752134","","Rina Sawayama","","","Hold the Girl","2022","6","n","","",  ""
"10589170","","Post Malone","","","Hollywood's Bleeding","2019","3","n","","",  ""
"6121172","","Lana Del Rey","","","Honeymoon","2015","6","n","","",  ""
"8842251","","Huncho Jack","","","Huncho Jack, Jack Huncho","2017","3","n","","",  ""
"13293476","","sonhos tomam conta","","","Hypnagogia","2021","6","n","","",  ""
"9799861","","21 Savage","","","I Am > I Was","2018","6","n","","",  ""
"9120142","","Xinlisupreme","","","I Am Not Shinzo Abe","2018","9","n","","",  ""
"12300444","","Phoebe Bridgers","","","If We Make It Through December","2020","8","n","","",  ""
"10454190","","Bon Iver","","","i,i","2019","8","n","","",  ""
"6814174","","The 1975","","","I Like It When You Sleep for You Are So Beautiful Yet So Unaware of It","2016","7","n","","",  ""
"11082","","Nas","","","Illmatic","1994","8","n","","",  ""
"14785733","","Jockstrap","","","I Love You Jennifer B","2022","5","n","","",  ""
"7129983","","Denzel Curry","","","Imperial","2016","7","n","","",  ""
"14636493","","Future","","","I Never Liked You","2022","5","n","","",  ""
"11967871","","Adrianne Lenker","","","Instrumentals","2020","8","n","","",  ""
"8668124","","Joji","","","In Tongues","2017","5","n","","",  ""
"14237082","","Pusha T","","","It's Almost Dry","2022","8","n","","",  ""
"8047275","","$uicideboy$","","","I Want to Die in New Orleans","2018","6","n","","",  ""
"10887224","","Jackboys &amp; Travis Scott","","","Jackboys","2019","3","n","","",  ""
"14923008","","Luna Li","","","jams 2","2022","7","n","","",  ""
"12642784","","Luna Li","","","jams EP","2021","9","n","","",  ""
"8861966","","Francis and the Lights","","","Just for Us","2017","6","n","","",  ""
"9216758","","Slim Jxmmi","","","Jxmtro","2018","1","n","","",  ""
"3553524","","DJ Okawari","","","Kaleidoscope","2011","6","n","","",  ""
"9186703","","KIDS SEE GHOSTS","","","KIDS SEE GHOSTS","2018","8","n","","",  ""
"13439520","","Nas","","","King's Disease II","2021","7","n","","",  ""
"4129720","","Carly Rae Jepsen","","","Kiss","2012","6","n","","",  ""
"8550133","","Rapsody","","","Laila's Wisdom","2017","7","n","","",  ""
"14793717","","Rico Nasty","","","Las ruinas","2022","7","n","","",  ""
"3475578","","Benjamin Francis Leftwich","","","Last Smoke Before the Snowstorm","2011","7","n","","",  ""
"11771882","","Tkay Maidza","","","Last Year Was Weird, Vol. 2","2020","8","n","","",  ""
"570141","","Kanye West","","","Late Orchestration","2006","9","n","","",  ""
"13938527","","Mitski","","","Laurel Hell","2022","5","n","","",  ""
"4825775","","Yung Lean","","","Lavender EP","2013","5","n","","",  ""
"11459926","","Juice WRLD","","","Legends Never Die","2020","6","n","","",  ""
"12627201","","Iglooghost","","","Lei Line Eon","2021","8","n","","",  ""
"11058442","","파란노을 [Parannoul]","","","Let's Walk on the Path of a Blue Cat","2020","8","n","","",  ""
"11455755","","Lianne La Havas","","","Lianne La Havas","2020","8","n","","",  ""
"3959957","","A$AP Rocky","","","Long.Live.A$AP","2013","5","n","","",  ""
"14885382","","Kenny Beats","","","LOUIE","2022","8","n","","",  ""
"10370094","","Taylor Swift","","","Lover","2019","5","n","","",  ""
"11166673","","春ねむり [Haru Nemuri]","","","Lovetheism","2020","8","n","","",  ""
"13762028","","JPEGMAFIA","","","LP!","2021","8","n","","",  ""
"8172126","","Lana Del Rey","","","Lust for Life","2017","5","n","","",  ""
"8531544","","Lil Uzi Vert","","","Luv Is Rage 2","2017","5","n","","",  ""
"6891069","","Nujabes feat. Shing02","","","Luv(sic) Hexalogy","2015","10","n","","",  ""
"142671","","Madvillain","","","Madvillainy","2004","8","n","","",  ""
"6968155","","Anderson .Paak","","","Malibu","2016","7","n","","",  ""
"12742535","","OG Keemo","","","Mann beisst Hund","2022","8","n","","",  ""
"12185549","","Kid Cudi","","","Man on the Moon III: The Chosen","2020","7","n","","",  ""
"4118898","","福居良 [Ryo Fukui]","","","Mellow Dream (メロー・ドリーム)","1977","7","n","","",  ""
"13311674","","Magdalena Bay","","","Mercurial World","2021","7","n","","",  ""
"348132","","Nujabes","","","Metaphorical Music","2003","8","n","","",  ""
"14890658","","Taylor Swift","","","Midnights","2022","4","n","","",  ""
"11526387","","Blu &amp; Exile","","","Miles","2020","8","n","","",  ""
"3377949","","C418","","","Minecraft: Volume Alpha","2011","10","n","","",  ""
"14804741","","Naked Flames","","","Miracle in Transit","2022","7","n","","",  ""
"2381898","","DJ Okawari","","","Mirror","2009","6","n","","",  ""
"442463","","Nujabes","","","Modal Soul","2005","9","n","","",  ""
"14687591","","Kendrick Lamar","","","Mr. Morale &amp; The Big Steppers","2022","7","n","","",  ""
"12007989","","Dorian Electra","","","My Agenda","2020","7","n","","",  ""
"3050748","","Kanye West","","","My Beautiful Dark Twisted Fantasy","2010","9","n","","",  ""
"3583692","","Coldplay","","","Mylo Xyloto","2011","8","n","","",  ""
"9332490","","Nas","","","NASIR","2018","6","n","","",  ""
"14810421","","Sudan Archives","","","Natural Brown Prom Queen","2022","7","n","","",  ""
"11370637","","Joji","","","Nectar","2020","5","n","","",  ""
"8491734","","Iglooghost","","","Neō Wax Bloom","2017","7","n","","",  ""
"10538908","","ちゃんみな [CHANMINA]","","","Never Grow Up","2019","6","n","","",  ""
"11179085","","AKLO + Norikiyo","","","New Drug","2019","6","n","","",  ""
"14845872","","NIKI","","","Nicole","2022","7","n","","",  ""
"3872380","","Cyhi the Prynce","","","No Dope on Sundays","2017","4","n","","",  ""
"7546813","","Young Thug","","","No, My Name Is Jeffery","2016","6","n","","",  ""
"9115105","","Mass of the Fermenting Dregs","","","No New World","2018","7","n","","",  ""
"2157008","","Modest Mouse","","","No One's First, and You're Next","2009","6","n","","",  ""
"8719966","","N*E*R*D","","","No One Ever Really Dies","2017","6","n","","",  ""
"9574303","","Lana Del Rey","","","Norman Fucking Rockwell!","2019","6","n","","",  ""
"4638370","","Denzel Curry","","","Nostalgic 64","2013","5","n","","",  ""
"11094420","","ちゃんみな [CHANMINA]","","","Note-book -Me.-","2020","6","n","","",  ""
"4410875","","Drake","","","Nothing Was the Same","2013","4","n","","",  ""
"14801399","","DOMi &amp; JD Beck","","","Not Tight","2022","7","n","","",  ""
"13986840","","Haruka Nakamura","","","Nujabes Pray Reflections","2021","8","n","","",  ""
"8123176","","Charli XCX","","","Number 1 Angel","2017","7","n","","",  ""
"11082261","","Porter Robinson","","","Nurture","2021","8","n","","",  ""
"14355758","","羊文学 [Hitsujibungaku]","","","Our Hope","2022","6","n","","",  ""
"524","","Coldplay","","","Parachutes","2000","5","n","","",  ""
"11291336","","Black Dresses","","","Peaceful as Hell","2020","7","n","","",  ""
"13119095","","TWICE","","","Perfect World","2021","6","n","","",  ""
"8736","","The Shaggs","","","Philosophy of the World","1969","6","n","","",  ""
"1641","","Billy Joel","","","Piano Man","1973","7","n","","",  ""
"14746798","","Perfume","","","PLASMA","2022","5","n","","",  ""
"8205161","","Playboi Carti","","","Playboi Carti","2017","6","n","","",  ""
"8803810","","Charli XCX","","","Pop 2","2017","9","n","","",  ""
"14534085","","Ethel Cain","","","Preacher's Daughter","2022","7","n","","",  ""
"12687179","","Floating Points, Pharoah Sanders &amp; The London Symphony Orchestra","","","Promises","2021","8","n","","",  ""
"7207243","","Mitski","","","Puberty 2","2016","7","n","","",  ""
"11343986","","Phoebe Bridgers","","","Punisher","2020","10","n","","",  ""
"10577062","","Young Thug","","","Punk","2021","7","n","","",  ""
"9840827","","CHAI","","","PUNK","2019","6","n","","",  ""
"12969231","","Vince Staples","","","Ramona Park Broke My Heart","2022","7","n","","",  ""
"2858367","","Eminem","","","Recovery","2010","4","n","","",  ""
"9354236","","DJ Okawari &amp; Emily Styler","","","Restore","2018","7","n","","",  ""
"7772697","","Eminem","","","Revival","2017","1","n","","",  ""
"8687170","","Rina Sawayama","","","RINA","2017","9","n","","",  ""
"12308700","","BROCKHAMPTON","","","Roadrunner: New Light, New Machine","2021","8","n","","",  ""
"11024839","","Run the Jewels","","","RTJ4","2020","8","n","","",  ""
"4541581","","Run the Jewels","","","Run the Jewels","2013","6","n","","",  ""
"5113727","","Run the Jewels","","","Run the Jewels 2","2014","6","n","","",  ""
"8400701","","福居良 [Ryo Fukui]","","","Ryo Fukui in New York","1999","7","n","","",  ""
"727032","","Nujabes / Fat Jon","","","Samurai Champloo Music Record: Departure","2004","7","n","","",  ""
"474630","","Force of Nature / Nujabes / Fat Jon","","","Samurai Champloo Music Record: Impression","2004","7","n","","",  ""
"8256417","","BROCKHAMPTON","","","Saturation","2017","8","n","","",  ""
"8344759","","BROCKHAMPTON","","","Saturation II","2017","7","n","","",  ""
"8527774","","BROCKHAMPTON","","","Saturation III","2017","6","n","","",  ""
"12072814","","21 Savage &amp; Metro Boomin","","","SAVAGE MODE II","2020","4","n","","",  ""
"11042314","","Rina Sawayama","","","SAWAYAMA","2020","8","n","","",  ""
"404125","","福居良 [Ryo Fukui]","","","Scenery","1976","8","n","","",  ""
"9178669","","Drake","","","Scorpion","2018","1","n","","",  ""
"13209428","","Samia","","","Scout","2021","8","n","","",  ""
"12986176","","CHVRCHES","","","Screen Violence","2021","7","n","","",  ""
"12005859","","Shamir","","","Shamir","2020","7","n","","",  ""
"10513752","","G Yamazawa","","","Shouts to Durham","2017","5","n","","",  ""
"13811820","","Zack Fox","","","Shut the Fuck Up Talking to Me","2021","6","n","","",  ""
"14774826","","$uicideboy$","","","Sing Me a Lullaby, My Sweet Temptation","2022","6","n","","",  ""
"9339376","","Young Thug &amp; Young Stoner Life Records","","","Slime Language","2018","3","n","","",  ""
"13224080","","Clairo","","","Sling","2021","6","n","","",  ""
"6881245","","Chipmunks on 16 Speed","","","Sludgefest","2015","8","n","","",  ""
"13223097","","Lorde","","","Solar Power","2021","5","n","","",  ""
"14565277","","Soccer Mommy","","","Sometimes, Forever","2022","7","n","","",  ""
"12984831","","Little Simz","","","Sometimes I Might Be Introvert","2021","8","n","","",  ""
"14782440","","Sam Prekop &amp; John McEntire","","","Sons Of","2022","7","n","","",  ""
"9185204","","Lykke Li","","","So Sad So Sexy","2018","7","n","","",  ""
"4030196","","The Mowgli's","","","Sound the Drum","2012","6","n","","",  ""
"12899943","","Olivia Rodrigo","","","Sour","2021","6","n","","",  ""
"776199","","Alcest","","","Souvenirs d'un autre monde","2007","9","n","","",  ""
"14916963","","Bladee","","","Spiderr","2022","7","n","","",  ""
"3693698","","Nujabes","","","Spiritual State","2011","8","n","","",  ""
"8482002","","Rae Sremmurd / Swae Lee / Slim Jxmmi","","","SR3MM","2018","2","n","","",  ""
"7323529","","Rae Sremmurd","","","SremmLife 2","2016","5","n","","",  ""
"14574380","","Yung Lean","","","Stardust","2022","4","n","","",  ""
"11290223","","Yung Lean","","","Starz","2020","6","n","","",  ""
"7808701","","Post Malone","","","Stoney","2016","6","n","","",  ""
"253","","Billy Joel","","","Storm Front","1989","6","n","","",  ""
"8603265","","Yung Lean","","","Stranger","2017","4","n","","",  ""
"8425478","","Phoebe Bridgers","","","Stranger in the Alps","2017","8","n","","",  ""
"7895031","","水曜日のカンパネラ [WEDNESDAY CAMPANELLA]","","","Superman","2017","7","n","","",  ""
"8674450","","Future &amp; Young Thug","","","SUPER SLIMEY","2017","4","n","","",  ""
"9215035","","Swae Lee","","","Swaecation","2018","2","n","","",  ""
"9219444","","Ariana Grande","","","Sweetener","2018","5","n","","",  ""
"7753946","","Denzel Curry","","","TA13OO","2018","7","n","","",  ""
"3207114","","Drake","","","Take Care","2011","4","n","","",  ""
"13048591","","TWICE","","","Taste of Love","2021","6","n","","",  ""
"13609417","","Lorde","","","Te ao mārama","2021","6","n","","",  ""
"8400108","","Beach House","","","Teen Dream","2017","6","n","","",  ""
"7580134","","Noname","","","Telefone","2016","8","n","","",  ""
"9268835","","A$AP Rocky","","","Testing","2018","5","n","","",  ""
"9560356","","Lil Wayne","","","Tha Carter V","2018","7","n","","",  ""
"9938727","","Ariana Grande","","","Thank U, Next","2019","6","n","","",  ""
"4560218","","The 1975","","","The 1975","2013","7","n","","",  ""
"11821095","","BLACKPINK","","","THE ALBUM","2020","5","n","","",  ""
"135750","","Max Richter","","","The Blue Notebooks","2004","8","n","","",  ""
"6269116","","Kanye West","","","The Life of Pablo","2016","8","n","","",  ""
"14853673","","Carly Rae Jepsen","","","The Loneliest Time","2022","8","n","","",  ""
"13753287","","Gospel","","","The Loser","2022","6","n","","",  ""
"3892102","","Death Grips","","","The Money Store","2012","7","n","","",  ""
"14585477","","Chineke! Orchestra / Max Richter / Elena Urioste","","","The New Four Seasons: Vivaldi Recomposed","2022","8","n","","",  ""
"7936919","","リーガルリリー [Regal Lily]","","","The Post","2016","9","n","","",  ""
"8405657","","リーガルリリー [Regal Lily]","","","The Radio","2017","7","n","","",  ""
"14730761","","Ghais Guevara","","","There Will Be No Super-Slave","2022","6","n","","",  ""
"1638","","Billy Joel","","","The Stranger","1977","10","n","","",  ""
"9374933","","リーガルリリー [Regal Lily]","","","The Telephone","2018","7","n","","",  ""
"11095779","","SPELLLING","","","The Turning Wheel","2021","6","n","","",  ""
"14711651","","ericdoa","","","Things With Wings","2022","5","n","","",  ""
"13063549","","Left at London","","","t.i.a.p.f.y.h.","2021","8","n","","",  ""
"12714294","","유키카 [YUKIKA]","","","timeabout,","2021","6","n","","",  ""
"4073929","","Listener","","","Time Is a Machine","2013","7","n","","",  ""
"6286502","","Kendrick Lamar","","","To Pimp a Butterfly","2015","8","n","","",  ""
"12722099","","파란노을 [Parannoul]","","","To See the Next Part of the Dream","2021","9","n","","",  ""
"1639","","Billy Joel","","","Turnstiles","1976","6","n","","",  ""
"14292561","","Post Malone","","","Twelve Carat Toothache","2022","3","n","","",  ""
"8079932","","TWICE","","","TWICEcoaster: Lane 2","2017","6","n","","",  ""
"8663416","","TWICE","","","Twicetagram","2017","5","n","","",  ""
"13945030","","Let's Eat Grandma","","","Two Ribbons","2022","9","n","","",  ""
"5053004","","Lana Del Rey","","","Ultraviolence","2014","7","n","","",  ""
"5583532","","SawanoHiroyuki[nZk]:Aimer","","","UnChild","2014","5","n","","",  ""
"5589212","","Yung Lean","","","Unknown Memory","2014","5","n","","",  ""
"9996482","","KOHH","","","UNTITLED","2019","6","n","","",  ""
"13611179","","Snail Mail","","","Valentine","2021","6","n","","",  ""
"5915638","","Anderson .Paak","","","Venice","2014","6","n","","",  ""
"10052961","","Anderson .Paak","","","Ventura","2019","7","n","","",  ""
"4322962","","Twenty One Pilots","","","Vessel","2013","7","n","","",  ""
"5652527","","Drake","","","Views","2016","3","n","","",  ""
"12969508","","Vince Staples","","","Vince Staples","2021","5","n","","",  ""
"13616182","","milet","","","Visions","2022","3","n","","",  ""
"1425811","","Coldplay","","","Viva la vida or Death and All His Friends","2008","9","n","","",  ""
"7187169","","Charli XCX","","","Vroom Vroom","2016","5","n","","",  ""
"12183532","","SEBii","","","VVSS","2020","6","n","","",  ""
"11101595","","SEBii","","","VVV","2020","6","n","","",  ""
"14663125","","SEBii","","","VVYELLOW","2022","5","n","","",  ""
"7092365","","Yung Lean","","","Warlord","2016","6","n","","",  ""
"3549644","","Jay-Z &amp; Kanye West","","","Watch the Throne","2011","6","n","","",  ""
"13337311","","Dave","","","We're All Alone in This Together","2021","6","n","","",  ""
"14533120","","Asian Glow &amp; Weatherday","","","Weatherglow","2022","7","n","","",  ""
"642576","","Modest Mouse","","","We Were Dead Before the Ship Even Sank","2007","7","n","","",  ""
"11181034","","Jessie Ware","","","What's Your Pleasure?","2020","7","n","","",  ""
"14328039","","Whatever the Weather","","","Whatever the Weather","2022","6","n","","",  ""
"9962213","","Billie Eilish","","","WHEN WE ALL FALL ASLEEP, WHERE DO WE GO?","2019","6","n","","",  ""
"13612873","","Deb Never","","","Where Have All the Flowers Gone?","2021","6","n","","",  ""
"2467557","","Karen O and The Kids","","","Where the Wild Things Are","2009","7","n","","",  ""
"5538871","","Passenger","","","Whispers","2014","6","n","","",  ""
"12354994","","Mario Judah","","","Whole Lotta Red (Part 1)","2020","5","n","","",  ""
"12551263","","CHAI","","","WINK","2021","5","n","","",  ""
"3093588","","Listener","","","Wooden Heart","2010","8","n","","",  ""
"5259674","","Porter Robinson","","","Worlds","2014","5","n","","",  ""
"14485845","","Superorganism","","","World Wide Pop","2022","4","n","","",  ""
"283841","","Coldplay","","","X&amp;Y","2005","7","n","","",  ""
"3602159","","Danny Brown","","","XXX","2011","6","n","","",  ""
"4987616","","Radwimps","","","Ｘと○と罪と","2013","6","n","","",  ""
"9316718","","Kanye West","","","ye","2018","7","n","","",  ""
"9105913","","Death Grips","","","Year of the Snitch","2018","6","n","","",  ""
"4568422","","Kanye West","","","Yeezus","2013","9","n","","",  ""
"9985449","","Charly Bliss","","","Young Enough","2019","8","n","","",  ""
"8602637","","Young Thug &amp; Carnage","","","Young Martha","2017","4","n","","",  ""
"7038044","","Shing02 + Cradle Orchestra","","","Zone of Zen","2016","7","n","","",  ""
"10302259","","Denzel Curry","","","Zuu","2019","6","n","","",  ""
"14845117","","明日の叙景 [Asunojokei]","","","アイランド (Island)","2022","8","n","","",  ""
"12346944","","青葉市子 [Ichiko Aoba]","","","アダンの風 (Adan no kaze)","2020","8","n","","",  ""
"8415721","","春ねむり [Haru Nemuri]","","","アトム・ハート・マザー (Atom Heart Mother)","2017","7","n","","",  ""
"1579350","","ミドリ [Midori]","","","あらためまして、はじめまして、ミドリです。 (Aratamemashite, hajimemashite, Midori desu.)","2008","7","n","","",  ""
"13925261","","リーガルリリー [Regal Lily]","","","アルケミラ","2021","8","n","","",  ""
"10465751","","ヨルシカ [Yorushika]","","","エルマ (Elma)","2019","7","n","","",  ""
"11399761","","4s4ki","","","おまえのドリームランド (Omae no Dreamland)","2020","7","n","","",  ""
"7330475","","水曜日のカンパネラ [WEDNESDAY CAMPANELLA]","","","ジパング","2015","6","n","","",  ""
"10096760","","ヨルシカ [Yorushika]","","","だから僕は音楽を辞めた","2019","7","n","","",  ""
"2012327","","Mass of the Fermenting Dregs","","","ワールドイズユアーズ (World Is Yours)","2009","5","n","","",  ""
"13720200","","tricot","","","上出来 (Jodeki)","2021","6","n","","",  ""
"9342291","","ヨルシカ [Yorushika]","","","夏草が邪魔をする","2017","7","n","","",  ""
"12496717","","森ゆに [Yuni Mori]","","","山の朝霧 (Yama no Asagiri)","2020","7","n","","",  ""
"7619457","","星野源 [Gen Hoshino]","","","恋 (Koi)","2016","7","n","","",  ""
"1646605","","Lamp","","","恋人へ (Koibito e)","2004","8","n","","",  ""
"9076030","","春ねむり [Haru Nemuri]","","","春と修羅 (Haru to Shura)","2018","8","n","","",  ""
"5074964","","宇宙コンビニ [Uchu Conbini]","","","染まる音を確認したら (Somaru oto wo kakunin shitara)","2013","7","n","","",  ""
"5970822","","KOHH","","","梔子","2015","6","n","","",  ""
"5950356","","水曜日のカンパネラ [WEDNESDAY CAMPANELLA]","","","私を鬼ヶ島に連れてって (Watashi wo Onigashima ni tsuretette)","2014","8","n","","",  ""
"9794491","","ヨルシカ [Yorushika]","","","負け犬にアンコールはいらない","2018","6","n","","",  ""
"11920573","","4s4ki &amp; Masayoshi Iimori","","","遺影にイェーイ (Iei Ni Yeah)","2020","7","n","","",  ""
"14526168","","MUNA","","","MUNA","2022","5","n","","",  ""
"14872399","Haruka","Nakamura","","","Light years (THE NORTH FACE Sphere 2022 S/A)","2022","6","n","","",  ""
"4344508","Kenichiro","Nishihara","","","Illuminus","2012","7","n","","",  ""
"8232334","","Norikiyo","","","Bouquet","2017","7","n","","",  ""
"6051202","","Norikiyo","","","如雨露","2014","7","n","","",  ""
"6704270","","Norikiyo","","","実験的断片集","2015","7","n","","",  ""
"9647923","","Norikiyo","","","馬鹿と鋏と","2018","7","n","","",  ""
"9079","The","Notorious B.I.G.","","","Ready to Die","1994","8","n","","",  ""
"14860842","Tobe","Nwigwe","","","MoMINTs","2022","6","n","","",  ""
"10671056","Daniel","Olsén","","","Sayonara Wild Hearts","2019","8","n","","",  ""
"9280601","Anderson",".Paak","","","Oxnard","2018","5","n","","",  ""
"13474256","","Palmistry","","","Wyrdo","2021","8","n","","",  ""
"10738615","","Playboi Carti","","","Whole Lotta Red","2020","5","n","","",  ""
"8762033","","Post Malone","","","beerbongs &amp; bentleys","2018","5","n","","",  ""
"8652224","","PUNPEE","","","Modern Times","2017","7","n","","",  ""
"9275699","","Pusha T","","","DAYTONA","2018","7","n","","",  ""
"768234","","Radwimps","","","Radwimps","2003","5","n","","",  ""
"768237","","Radwimps","","","Radwimps 2 ～発展途上～ (Radwimps 2 ~Hattentojō~)","2005","5","n","","",  ""
"768238","","Radwimps","","","Radwimps 3 ～無人島に持っていき忘れた一枚～ (Radwimps 3 ~Mujintō ni motte ikiwasureta ichimai~)","2006","6","n","","",  ""
"769145","","Radwimps","","","Radwimps 4 ～おかずのごはん～ (~Okazu no gohan~)","2006","9","n","","",  ""
"10312972","","Radwimps","","","Weathering With You (天気の子)","2019","6","n","","",  ""
"7445773","","Radwimps","","","Your Name","2016","7","n","","",  ""
"2183180","","Radwimps","","","アルトコロニーの定理 (Altocolony no Teiri)","2009","7","n","","",  ""
"7782959","","Radwimps","","","人間開花 (Ningen kaika)","2016","7","n","","",  ""
"14383228","","Samia","","","Desperado / Born on a Train","2022","7","n","","",  ""
"11912567","","Samia","","","The Baby","2020","8","n","","",  ""
"12530809","","Samia","","","The Baby Reimagined","2021","7","n","","",  ""
"6232368","Travis","Scott","","","Rodeo","2015","7","n","","",  ""
"76041","The","Shins","","","Chutes Too Narrow","2003","6","n","","",  ""
"7834202","The","Shins","","","Heartworms","2017","5","n","","",  ""
"4652","The","Shins","","","Oh, Inverted World","2001","7","n","","",  ""
"3783416","The","Shins","","","Port of Morrow","2012","7","n","","",  ""
"8826720","The","Shins","","","The Worm's Heart","2018","5","n","","",  ""
"14859396","","Sobs","","","Air Guitar","2022","8","n","","",  ""
"14423756","Regina","Spektor","","","Home, Before and After","2022","7","n","","",  ""
"14158482","","STARKIDS","","","4D","2021","8","n","","",  ""
"10458832","Joanna","Sternberg","","","Then I Try Some More","2019","7","n","","",  ""
"14719965","","TWICE","","","Celebrate","2022","7","n","","",  ""
"8826586","","TWICE","","","Merry &amp; Happy","2017","5","n","","",  ""
"10255382","","Tyler, the Creator","","","Igor","2019","8","n","","",  ""
"14282728","","Umru","","","Comfort Noise","2022","8","n","","",  ""
"10735861","","vividboooy","","","Synchronicity","2019","6","n","","",  ""
"13442415","The","Weeknd","","","Dawn FM","2022","7","n","","",  ""
"977025","Kanye","West","","","Graduation","2007","8","n","","",  ""
"10754231","Kanye","West","","","JESUS IS KING","2019","5","n","","",  ""
"218218","Kanye","West","","","Late Registration","2005","9","n","","",  ""
"94103","Kanye","West","","","The College Dropout","2004","10","n","","",  ""
"14470493","","Windows 96","","","Empty Hiding World","2022","7","n","","",  ""
"10513793","G","Yamazawa","","","Money Is Time","2018","6","n","","",  ""
"12153458","G","Yamazawa","","","Thinkpeace","2020","6","n","","",  ""
"14792065","","あいみょん","","Aimyon","瞳へ落ちるよレコード (Falling Into Your Eyes Record)","2022","5","n","","",  ""
"11698866","","あみのず","","Aminos","水とフォルム","2018","8","n","","",  ""
"12104796","","ちゃんみな","","CHANMINA","Angel","2020","6","n","","",  ""
"12937241","","ちゃんみな","","CHANMINA","Bijin","2021","7","n","","",  ""
"11131976","","ちゃんみな","","CHANMINA","note-book -u.-","2020","6","n","","",  ""
"9012962","","明日の叙景","","Asunojokei","わたしと私だったもの (Awakening)","2018","6","n","","",  ""
"11139416","","當山みれい","Mirei","Touyama","Take Me Away","2020","5","n","","",  ""
"8792507","","福居良","Ryo","Fukui","My Favorite Tune","1994","7","n","","",  ""
